{"stats":{"minecraft:custom":{"minecraft:jump":62,"minecraft:time_since_rest":156,"minecraft:deaths":2,"minecraft:crouch_one_cm":445,"minecraft:leave_game":3,"minecraft:play_time":8391,"minecraft:sprint_one_cm":6847,"minecraft:damage_taken":540,"minecraft:time_since_death":132,"minecraft:walk_one_cm":6058,"minecraft:sneak_time":181,"minecraft:total_world_time":8391,"minecraft:fall_one_cm":7772,"minecraft:fly_one_cm":10882},"minecraft:mined":{"minecraft:fire":7,"minecraft:oak_leaves":2}},"DataVersion":3953}