{"stats":{"minecraft:custom":{"minecraft:jump":62,"minecraft:time_since_rest":1194,"minecraft:deaths":2,"minecraft:crouch_one_cm":445,"minecraft:leave_game":4,"minecraft:play_time":9429,"minecraft:sprint_one_cm":6935,"minecraft:damage_taken":540,"minecraft:time_since_death":1170,"minecraft:walk_one_cm":6222,"minecraft:sneak_time":181,"minecraft:total_world_time":9429,"minecraft:fall_one_cm":8041,"minecraft:fly_one_cm":10882},"minecraft:mined":{"minecraft:fire":7,"minecraft:oak_leaves":2}},"DataVersion":3953}